method_name,complexity,input_context,sampled_completion,top_5_initial_predictions
withClones,2,( ) { } shards,,N/A
computeZonePlan,2,"// If there was at least one allocation for a deployment, we will apply it to each zone } nodes deploymentIdToRemainingAllocations remainingZones",,N/A
testTelemetryForRRFRetriever,2,"// `queries` // search#3 - this will record 1 entry for ""retriever"" in `sections`, and 1 for ""standard"" under `retrievers`, and 1 for ""knn"" under // `queries` // search#4 - this will record 1 entry for ""retriever"" in `sections`, and 1 for ""standard"" under `retrievers`, and 1 for ""term"" // under `queries`",,N/A
updateResult,3,) { } String id,,N/A
toInteger,4,if if return l ;,,N/A
startReplicas,5,for ( IndexShard replicaShard :,,N/A
interceptTransportActions,2,String ... ; for (,,N/A
iterator,2,Test Properties ; ; ;,,N/A
indexBlockedRaiseException,2,String index ClusterBlockException ; if,,N/A
isPropertyFile,3,attributes return ; && !,,N/A
centroidCount,2,Override if return ; (,,N/A
doValidate,3,} @ Override MappingLookup lookup,,N/A
getAndProcessPropertySourceProperties,2,MergedContextConfiguration mergedConfig ; String ;,,N/A
neo4jIsUpWithOneSessionExpiredException,2,; AtomicInteger ; ; Driver,,N/A
checkCreateIterator,2,if return iterator ; (,,N/A
debug,2,{ } @ Override String,,N/A
shardOperation,7,} @ Override ExplainRequest request,,N/A
testKeepMinRetainedSeqNoByMergePolicy,12,; AtomicLong ; ; AtomicLong,,N/A
getObjectMapper,2,return ; ( ) {,,N/A
fillSegmentStats,2,boolean includeSegmentFileSizes SegmentsStats stats ;,,N/A
logRequest,2,; if LOGGER . info,,N/A
join,2,) ; ex { },,N/A
getValue,4,null ; ( ) {,,N/A
putOpt,3,return ; ( ) {,,N/A
isNullOrDatePeriod,2,DATE_PERIOD isNull ( t ),,N/A
isJvmExiting,5,: ) return true ;,,N/A
close,2,{ } @ Override if,,N/A
parseSignedJWT,5,( ) { } (,,N/A
resolveNamedWords,4,CharArraySet ; for ( String,,N/A
testFloatGetVectorValueAndGetMagnitude,3,; ; ; BinaryDocValues ;,,N/A
addResourceJars,6,{ } resourceJarUrls for (,,N/A
testSortDocs,5,; for ( ; ),,N/A
testAuthorizationOfIndividualBulkItemsWithDateMath,5,} String ; ; ShardId,,N/A
testBackwardsCompatibilityEdgeNgramTokenFilter,4,; for ( ; ),,N/A
processElement,4,element PropertyGenerator generator String annotationName,,N/A
createGraph,3,", DefaultEdge > dependenciesByProject vertexExtractor",,N/A
run,3,{ } @ Override @,,N/A
toXContent,6,IOException { } @ Override,,N/A
checkAndThrowOnError,2,{ // Any errors should be discovered through validation performed in the transform calls } errors ReservedStateVersion,,N/A
createClusterState,4,String dataStreamName numberOfBackingIndices Instant now,,N/A
assertReturnModelIsModifiable,8,) settings = ( ),,N/A
configureContext,7,refresh if if ; ;,,N/A
makeSupplier,2,) { } fieldSupplier percentileSupplier,,N/A
getOrigin,2,@ Override @ Nullable String,,N/A
eval,3,{ } [ ] result,,N/A
onResponse,2,{ } @ Override Void,,N/A
isConscryptPresent,2,} return ; && ClassUtils,,N/A
getAsLong,2,; ( ) { },,N/A
config,2,", , , , ,",,N/A
warnings,2,( ) { } warnings,,N/A
get,2,"{ // drop the leading ""-"" if exclusion because it is easier for callers to handle it like this } { }",,N/A
sizeOf,4,; return ; long expectedShardSize,,N/A
bestEffortExtractNodeVersionFromMappings,2,Deprecated String mappings String versionMetaKey,,N/A
createParser,2,"} < , Void >",,N/A
onApplicationEvent,4,event if if if (,,N/A
validateFrozenPhaseHasSearchableSnapshotAction,2,; Collection Optional maybeFrozenPhase =,,N/A
testSplitOnID,2,; ; RandomIndexWriter ; ;,,N/A
readCertificate,2,state Assert . state (,,N/A
itemResponseFromXContent,12,; ; ; String ;,,N/A
run,5,// The target object for this example. // Creation of creatures. // Attach every creature and the sword is a Fiend to fight for the sword. // Wait for program to terminate. },,N/A
updateConnectorError,3,", ) { } String",,N/A
getPort,2,@ Override Connector ; if,,N/A
findProvider,3,) { } String view,,N/A
getRandomVectorScorerSupplier,2,KnnVectorValues vectorValues if return ;,,N/A
concreteDataStreamAliases,3,", , ) { }",,N/A
performLottery,5,: ) return numbers ;,,N/A
sync,4,IOException { } @ Override,,N/A
maxConcurrentShardRequests,2,; int ( ) {,,N/A
parse,3,return ; artifactVersion = (,,N/A
stopProtocolHandler,2,; ex { } .,,N/A
loadClass,6,Override < > String name,,N/A
retrieveDatabase,5,String databaseName String expectedMd5 metadata,,N/A
next,10,; for ( String json,,N/A
writeBinarizedVectors,3,fieldData clusterCenter BinaryQuantizer scalarQuantizer ;,,N/A
createEmbeddedCacheManager,2,Resource ; if return ;,,N/A
checkOdbcShortTypes,2,} SchemaRowSet r ; ;,,N/A
assertConsistentHistoryBetweenTranslogAndLuceneIndex,11,{ } Engine engine if,,N/A
deleteUnassignedIndex,4,IndexMetadata oldIndexMetadata ClusterState clusterState if,,N/A
getConfigurationProperty,6,} @ Override @ Nullable,,N/A
validateDeprecatedAndRemovedSettingV7,4,"// creation time, as well as on index update settings. } @ Override Settings",,N/A
parseCreateField,5,DocumentParserContext context XContentParser ; if,,N/A
createServerConnector,3,) { } Server server,,N/A
mutateInstance,4,WaitForDataTierStep instance switch throw ;,,N/A
evalBlock,8,block = int positionCount =,,N/A
cleanup,2,!= null ; this .,,N/A
onResponse,5,) { } { },,N/A
testReaderId,5,; for ( ; ),,N/A
loadClass,6,> String name boolean resolve,,N/A
getElserModelVerificationActionListener,2,String criticalWarning String warnWarning boolean,,N/A
getManifest,2,@ Override Object ; if,,N/A
testCustomMetadataValidation,2,{ } Metadata ; MetadataUpgrader,,N/A
validateNodeBandwidthRecoverySettings,3,Settings settings ; if final,,N/A
findAgentJar,5,; if Path ; if,,N/A
testNonProjectedUnsignedLongVersionCompatibility,2,String sql : ) analyzer,,N/A
onFileChanged,2,{ } @ Override Path,,N/A
assertToXContentEquivalent,2,", , ) throws IOException",,N/A
exception,2,} @ Override ExecuteContext context,,N/A
convertWhenUsingTypeConverterConversionServiceFromMultipleThreads,5,; ResolvableType ; ; ;,,N/A
search,2,throws IOException { } String,,N/A
getResources,3,{ } @ Override <,,N/A
process,5,} @ Evaluator builder BytesRef,,N/A
addIntermediateRowInput,2,@ Override groupId GroupingAggregatorFunction input,,N/A
assertAllowedProperties,3,( property : properties ),,N/A
notifyListeners,4,) { } String jobId,,N/A
availableIndexFolders,4,throws IOException { } <,,N/A
load,2,; while buffer = int,,N/A
testResolveAuthorizationInfoForEmptyRestrictedRolesWithAuthentication,5,; ; . getRoles final,,N/A
centralDirectoryVisitor,3,return ; new CentralDirectoryVisitor (,,N/A
setStatus,2,ClusterHealthStatus status if ; (,,N/A
innerSyntheticFieldLoader,6,filter Mapper mapper if if,,N/A
field,2,; return this ; float,,N/A
fromXContent,5,{ } XContentParser parser Token,,N/A
codeLengthBytes,5,if else if int .,,N/A
assertSuggestions,5,boolean suggestionOrderStrict String name String,,N/A
createClassLoader,3,if ClassLoader ; ClassLoader ;,,N/A
checkIntegrityNoException,2,md Directory directory try {,,N/A
customizeHost,5,} DockerConfiguration dockerConfiguration if if,,N/A
getProjectsAndDependencies,2,TaskExecutionGraph taskGraph ; for (,,N/A
couchbaseMappingContext,2,) throws ClassNotFoundException { },,N/A
start,2,{ } @ Nullable series,,N/A
getStandaloneConfig,2,) { } if RedisStandaloneConfiguration,,N/A
client,5,} synchronized final clientSettings =,,N/A
get,2,", ) { } RepositoryHandler",,N/A
onApplicationEvent,5,event ConfigurableEnvironment ; String ;,,N/A
login,4,password String ; try return,,N/A
getConnectors,2,for ( Service service :,,N/A
addRawVector,2,) scratch = ; i,,N/A
testNonIndexedVector,2,; ; ; for (,,N/A
canHighlight,2,( ) { } fieldType,,N/A
hasDataStreamRef,3,clusterState indicesAndAliases String index IndexAbstraction,,N/A
toMap,3,"{ } < String ,",,N/A
onAddSetCookieField,4,} HttpField field HttpCookie ;,,N/A
testKnnFilterWithRewrite,2,; XContentBuilder ; ; for,,N/A
testWithNestedScoringAggregations,6,throws IOException { } try,,N/A
rewrite,2,Override IndexSearcher searcher Query ;,,N/A
assertPage,2,@ Override Page page ;,,N/A
extractPropertiesFromServices,5,) { } < String,,N/A
onFailedQueryPhase,2,"computeStats ( searchContext , )",,N/A
destroy,2,( ) { } !=,,N/A
testGroupingWithOrdinals,4,"Exception { // between(100, 10000); } DriverContext",,N/A
objectToDouble,3,if else return doubleValue ;,,N/A
testFloor,3,// mostly tested in other tests } AVLGroupTree ; for,,N/A
completeOrFailIfRequired,3,error if if else (,,N/A
matches,6,if ; return ; (,,N/A
getLeaderReducer,9,; int new AggregatorReducer (,,N/A
equals,6,if if ImagePlatform ; return,,N/A
testAnonymousUserTransportNoDefaultUser,3,; InternalRequest ; boolean ;,,N/A
testRangeSnapshot,11,Exception { } ; ;,,N/A
build,2,BuildRequest request ; ; ;,,N/A
verifyIdleTimeout,2,factory Duration expected if ;,,N/A
indexingStrategyForOperation,2,index if else final (,,N/A
getSameSite,3,Nullable cookie for ( CookieSameSiteSupplier,,N/A
maybeSet,2,} T consumer T value,,N/A
equals,4,@ Override Object obj if,,N/A
readObject,13,JSONException { /* Peek to see if this is the empty object. */ } JSONObject,,N/A
write,2,for ( member : ),,N/A
setAttribute,2,value var ; if double,,N/A
updateExecutionInfoAtEndOfPlanning,4,"// TODO: this logic assumes a single phase execution model, so it may need to altered once INLINESTATS is made CCS compatible } EsqlExecutionInfo execInfo if",,N/A
testQuantizedVectorsWriteAndRead,6,; VectorSimilarityFunction ; KnnFloatVectorField ;,,N/A
doEquals,3,&& && Objects . equals,,N/A
resolveType,2,Override if return ; (,,N/A
testPartitionedIndexShrunk,3,; ; ; ; ;,,N/A
putAlias,2,Index index ; ; ;,,N/A
mapping,5,if b . field (,,N/A
shards,2,} @ Override ClusterState state,,N/A
adjustBreaker,6,boolean isDataAlreadyCreated if final long,,N/A
register,3,{ } ServletContext servletContext ExposableServletEndpoint,,N/A
testSearchAgainstIndex,3,RoleDescriptor ; ; Authentication ;,,N/A
execute,2,} catch ( ) ;,,N/A
awaitApiKeysRemoverCompletion,2,} for ( ApiKeyService apiKeyService,,N/A
onResponse,2,@ Override BulkResponse bulkItemResponses if,,N/A
resolveUpgrade,2,return ; ( ) {,,N/A
append,2,String value try { },,N/A
resolveType,2,) { } isNumeric ==,,N/A
testRewriteWithFuzziness,2,IOException { // If we've configured fuzziness then we can't rewrite to a term query } MatchQueryBuilder,,N/A
applyClusterState,5,"// processor factories create new processor instances. // (Note that this needs to be done also in the case when there is no change to ingest metadata, because in the case // when only the part of the cluster state that a component is interested in, is updated.) } @",,N/A
isAlreadyPackaged,3,catch ( ) JarFile jarFile,,N/A
testGroupsRoleMappingForJWT,5,@ SuppressWarnings SignedJWT ; {,,N/A
resolveType,3,if return ; ( ),,N/A
entityManagerFactoryBootstrapExecutorCustomizer,2,) Map -> BootstrapExecutorCondition .,,N/A
isNegative,2,null sessionTimeout . isNegative (,,N/A
generateQueryResults,10,} < SearchPhaseResult > nShards,,N/A
randomSimpleClusters,2,{ } randomBoolean return ;,,N/A
innerToXContent,8,params boolean docCreation ; if,,N/A
testResizeChangeIndexMode,2,indexSettings ) . get updateIndexSettings,,N/A
equals,5,return ; ( ) {,,N/A
extractObjects,4,object : source ) List,,N/A
activateWithPrimaryContext,3,; assert : ; assert,,N/A
resolveType,9,if if return ; (,,N/A
resolvePlaceholders,2,if return ; ( ),,N/A
getExpectedSizeOfResizedShard,5,", , , ) {",,N/A
add,6,; ; if for (,,N/A
nestedSubQuery_sempred,2,{ } NestedSubQueryContext _localctx predIndex,,N/A
testRunAsAuthenticationWithDomain,8,RealmRef ; Authentication ; ;,,N/A
addRandomDocValuesField,6,; for ( ; ),,N/A
convertToLongFilter,6,if return result ; (,,N/A
innerPrepareRequest,2,} @ Override RestRequest request,,N/A
coercePropertyToEpoch,2,Properties properties String key String,,N/A
readBytes,3,offset len var ; ;,,N/A
collectUnmapped,13,", , ) { // lookup field patterns containing wildcards",,N/A
prepareRequest,4,@ Override RestRequest restRequest NodeClient,,N/A
setupTaskMock,2,state = . thenReturn .,,N/A
addClassIfExists,2,) { } list String,,N/A
nextChunkRequest,6,"// We need to synchronized Snapshot#next() because it's called by different threads through sendBatch. // Even though those calls are not concurrent, Snapshot#next() uses non-synchronized state and is not multi-thread-compatible. } @ Override",,N/A
eval,2,( ) { } LongBlock,,N/A
jobIdMatches,2,; ; SearchSourceBuilder ; ;,,N/A
prepareRequest,3,) throws IOException { },,N/A
findFromPackage,2,{ } @ Nullable <,,N/A
getSystemIndexAccessLevel,3,ThreadContext threadContext String ; boolean,,N/A
configure,2,T T taskScheduler PropertyMapper ;,,N/A
testNullFoldingDoesNotApplyOnAbstractMultivalueFunction,2,Exception { // avg and count ar different just because they know the return type in advance (all the others infer the type from the input) } @,,N/A
findSource,2,; if return ; connection,,N/A
getMongoClientDatabase,2,} @ Nullable if return,,N/A
awaitSearchTasksComplete,6,= long millisWaited = 0,,N/A
register,2,( ) { } (,,N/A
collect,2,owningBucketOrd if int long (,,N/A
initDb,2,return ; final ( isMongo,,N/A
eval,5,; try int positionCount =,,N/A
onCache,3,fieldName GlobalOrdinalsAccounting info if (,,N/A
getContainsWeight,6,( GEOMETRY geometry : geometries,,N/A
prepareEnvironment,2,", ) { // Create and configure the environment }",,N/A
randomDataStreamOptions,5,) { } randomIntBetween ->,,N/A
failedShards,3,) return failedShards ; Map,,N/A
findUnionTypes,3,{ } && return multiTypeEsField,,N/A
addBuildEvaluatorWarnings,2,"< , > warnings return",,N/A
regexpQuery,3,{ } @ Override String,,N/A
map,2,Object > if throw ;,,N/A
createRandomSequencesResponse,6,xType ; ; if ;,,N/A
throwIfMultipleMatchingValuesIn,2,predicate ; ; ; if,,N/A
toAttribute,2,@ Override if return lazyAttribute,,N/A
excludeState,7,State ( ) { },,N/A
determineConnectionFactory,3,String username String password if,,N/A
afterMaxUrisReachedFurtherUrisAreDenied,3,@ Test CapturedOutput output ;,,N/A
testIsEmpty,2,RoleDescriptor ; if else assertTrue,,N/A
bookRoom,3,Exception { } roomNumber var,,N/A
newPolicyParserException,2,location String policyName String scopeName,,N/A
testReplicaOperationWithConcurrentPrimaryPromotion,5,") { } """""" 
            { ",,N/A
extractDispatcherTypes,3,< DispatcherType > attributes ;,,N/A
randomCoordinationMetadata,4,( ) { } ClusterState,,N/A
buildInferenceQuery,2,@ Override QueryBuilder queryBuilder InferenceIndexInformationForField,,N/A
process,3,; if ; index =,,N/A
addMatchLogMessage,2,source ConditionAndOutcomes matches ; for,,N/A
pathPatternRequestMatcherBuilderBasePathCustomizer,3,new BeanPostProcessor < DispatcherServletPath >,,N/A
supportsParameter,2,extensionContext ; return ; Class,,N/A
hasReferences,2,null refCounted . hasReferences (,,N/A
collect,3,{ } @ Override doc,,N/A
getInputs,3,"SuppressWarnings < String , Object",,N/A
changeProperties,3,Override < BeanPropertyWriter > SerializationConfig,,N/A
deltaEncode,10,IOException { } token tokenBits,,N/A
eval,3,try ( ) { },,N/A
equals,4,if if TermVectorsFetchBuilder ; return,,N/A
createChunksField,2,) { } IndexVersion indexVersionCreated,,N/A
popcount,4,; for ( ; ),,N/A
validateDataStreamOptions,3,template ; if ResettableValue dataStreamOptions,,N/A
apply,2,"> ( , ) {",,N/A
getDataSourcePoolMetadata,3,: ) return null ;,,N/A
deserialize,2,{ } catch ( ),,N/A
validateRequest,5,Override ClientHttpRequest request String ;,,N/A
isNoiseWord,6,} String term ; if,,N/A
getArchiveFile,3,; if if return archiveFile,,N/A
of,2,{ } spec if ;,,N/A
shutdown,4,catch ( ) if ie,,N/A
assertAgainstReference,6,boolean docFreq boolean totalTermFreq ;,,N/A
act,3,actor Action action for (,,N/A
buildSimpleToString,3,elementConverter StringBuilder ; for (,,N/A
assertShardChangesResponse,6,( String fieldName : SHARD_RESPONSE_FIELDS,,N/A
setOrder,2,String > ! ; CollectionUtils,,N/A
addIntermediateInput,4,; Block ; if DoubleVector,,N/A
decideMove,7,} ShardRouting shardRouting if ModelNode,,N/A
get,2,; return ; ( ),,N/A
mutateInstance,14,} @ Override WaitForRolloverReadyStep instance,,N/A
toXContent,3,Params params ; ; String,,N/A
testDotsOnlyFieldNames,2,{ } ; for (,,N/A
getEntityManagerFactoryName,3,String beanName if return beanName,,N/A
process,7,BitSet nulls BitSet mvs lhs,,N/A
issueBody,3,Override Upgrade upgrade Issue existingUpgrade,,N/A
write,3,( ; ) int int,,N/A
toString,3,= ( ) { },,N/A
handle,2,Handler handler ServerHttpRequest request ServerHttpResponse,,N/A
webTestClient,2,@ Bean @ ConditionalOnMissingBean MockMvc,,N/A
eval,4,{ } BytesRefBlock unitBlock =,,N/A
logger,3,) { } String name,,N/A
testNumberToStringValueScript,2,MappedFieldType ; TermsAggregationBuilder ; ;,,N/A
addCustomTopicMapping,2,; if topicName = (,,N/A
transformScoreDocsToRecords,4,scoreDocs ; ; CombinedDocValues ;,,N/A
failOnTragicEvent,9,else return engineFailed ; final,,N/A
onResponse,2,newTerm assert : ; ;,,N/A
perFieldAnalyzer,2,perFieldAnalyzer ; return this ;,,N/A
testTimeoutPerConnection,2,"// note - this test uses backlog=1 which is implementation specific ie. it might not work on some TCP/IP stacks // on linux (at least newer ones) the listen(addr, backlog=1) should just ignore new connections if the queue is full which // means that once we received an ACK from the client we just drop the packet on the floor (which is what we want) and we run // into a connection timeout quickly. Yet other implementations can for instance can terminate the connection within the 3 way // handshake which I haven't tested yet.",,N/A
doFilter,7,HttpServletResponse response FilterChain chain ErrorWrapperResponse,,N/A
foldable,2,foldable . foldable . get,,N/A
whenARequestIsActiveAfterGracefulShutdownEndsThenStopWillComplete,2,{ } @ Test ConfigurableServletWebServerFactory,,N/A
chainFilters,2,new TokenFilterFactory < TokenFilterFactory >,,N/A
assertFutureThrows,5,exceptionClass RestStatus status String extraInfo,,N/A
getSslBundle,4,switch ( ) { },,N/A
randomDataNode,3,; return ; excludedNames final,,N/A
createContributors,4,MutablePropertySources ; ; ; for,,N/A
get,2,{ } @ Nullable Throwable,,N/A
testKnnQuantizedHNSWVectorsFormat,4,; boolean ; ; MapperService,,N/A
value,4,} @ SuppressWarnings Object r,,N/A
testMachineLearningCloseJobActionNotRestricted,3,{ // test that license restricted apis do now work } String ;,,N/A
loadOnDiskStateMetadataFromUserData,2,assert ; assert ; assert,,N/A
testRolloverIsExecutedOnce,2,// Mark it to lazy rollover // Verify that the data stream is marked for rollover and that it has currently one index // Introduce a disruption to the master node that should delay the rollover execution // Start indexing operations // End the disruption so that all pending tasks will complete,,N/A
get,2,; return ; ( ),,N/A
performStompSubscription,3,} String topic ; ;,,N/A
testTooMany,7,// Fill the listener slots // We shouldn't have called any of them // Checkpoint version produces error if too many listeners registered // Add one more listener which should cause a refresh. // That forces all the listeners through. It would be on the listener ThreadPool but we've made all of those execute immediately.,,N/A
readProjects,2,throws IOException { } XContentParser,,N/A
stop,2,{ } @ Override ;,,N/A
neo4jDriver,2,) { } @ Bean,,N/A
testDeleteIndicesFromMultipleProjects,5,; for ( ; ),,N/A
createConfiguration,4,ConfigurationImpl ; ; ; String,,N/A
testSingleValuedFieldOrderedByIllegalAgg,4,= true { } catch,,N/A
testDocValuesSearchable,4,boolean indexable : indexables ),,N/A
documentId,3,; ( ) { },,N/A
from,3,{ } certifiedEntry ; ;,,N/A
create,2,; return ; TracingProperties .,,N/A
find,4,Override < AuditEvent > String,,N/A
addAsRegistrationBean,5,B ListableBeanFactory beanFactory type beanType,,N/A
eval,7,} positionCount valuesBlocks try int,,N/A
createJedisConnectionFactory,4,= switch < JedisClientConfigurationBuilderCustomizer >,,N/A
onRemoval,2,Override ShardId shardId String fieldName,,N/A
equals,9,@ Override Object o if,,N/A
addRawBlock,4,BytesRefBlock block BytesRef ; for,,N/A
hasFieldAttribute,2,foundAttributes return ; Set ||,,N/A
executeLocalJobs,4,job : ) this .,,N/A
get,2,} @ Override T dataSource,,N/A
addRawVector,3,for ( ; ) ;,,N/A
run,3,throws Exception { } ;,,N/A
ifValueMatchesWithPredicateFiltersExpected,2,; ; ; function =,,N/A
moveClusterStateToPreviouslyFailedStep,7,} ClusterState currentState String index,,N/A
testInvalidNamedParamsForIdentifiers,5,( String invalidParam : ),,N/A
getChildElement,3,@ Nullable Element element String,,N/A
getLeaderReducer,3,size return ; int new,,N/A
newSourceLoader,2,) { } mappingLookup .,,N/A
fielddataBuilder,6,@ Override FieldDataContext fieldDataContext FielddataOperation,,N/A
getCombinedConverters,5,; ; for ( defaultConverter,,N/A
throwFileNotFound,3,} if if throw ;,,N/A
extractNonProcessedValues,5,organicFeature ExtractedField ; ; if,,N/A
testOutOfOrderSequenceNumbersWithVersionConflict,8,} ; ; AtomicLong ;,,N/A
goToNextVersion,2,; ( ) { },,N/A
heapDump,5,Boolean live try return ;,,N/A
setUp,3,} @ Before ; ;,,N/A
main,3,Path ; try ; String,,N/A
initialize,2,( ) Path ; String,,N/A
factory,8,switch ( ) { },,N/A
test,8,if DatafeedState ; if return,,N/A
must,2,this ; ( ) {,,N/A
match,6,} @ Override MetadataReader metadataReader,,N/A
getTaskSettingsMap,5,"< String , Object >",,N/A
computeScores,2,; TestRerankingActionRequest ; try RankFeatureDoc,,N/A
testNegativeLookupsThenCreateRole,4,; ) ; ClusterHealthResponse ;,,N/A
testLoadExtensions,2,; ; ; ; ;,,N/A
navigateToPage,2,try return this ; {,,N/A
isAutoDetected,5,environment ; if return false,,N/A
readLayerIndex,5,jarFile if ; String ;,,N/A
load,2,@ Override < MultiGeoPointValues >,,N/A
assertSingleClusterIsTrusted,4,{ } trustedCluster RestrictedTrustManager trustManager,,N/A
cleanUp,2,} @ AfterEach ; if,,N/A
assertMetadataEquals,3,for ( var projectMetadata :,,N/A
equals,4,if AzureOpenAiEmbeddingsTaskSettings ; return ;,,N/A
filteredFinder,2,query String ... var ;,,N/A
testOrderByEmptyAggregation,2,"( , ) . addAggregation",,N/A
print,3,} switch ( ) {,,N/A
getFieldBuilderByName,3,for ( Field hbfield :,,N/A
testFollowerIndexIsCreatedInExecuteAutoFollow,2,} String ; ClusterState ;,,N/A
writeCell,2,if else ( ) {,,N/A
toXContent,2,throws IOException { } @,,N/A
isInnocuousThread,3,} Thread t ; return,,N/A
isZipArchive,3,if return false ; (,,N/A
testClassIsInstrumented,2,; CheckMethod ; ; var,,N/A
invoke,2,@ Override String actionName params,,N/A
getHandler,2,@ Override HttpHandler next if,,N/A
mockMvcTester,2,MockMvc mockMvc httpMessageConverters MockMvcTester ;,,N/A
testUnderscoreInAnalyzerName,2,IOException { } Settings ;,,N/A
toBoolean,5,value if if return null,,N/A
validate,2,String snapshotName ClusterState state if,,N/A
mbeanExporter,2,Primary @ ConditionalOnMissingBean ObjectNamingStrategy namingStrategy,,N/A
createSortedDocsProducerOrNull,5,{ } @ Override IndexReader,,N/A
mapError,4,; ( ) { },,N/A
adaptDeprecatedConfiguration,2,) { } @ SuppressWarnings,,N/A
executeAot,5,if if Path ; if,,N/A
waitForDelay,3,0 try this . delay,,N/A
managementSecurityFilterChain,2,Bean @ Order Environment environment,,N/A
findBeanDefinition,4,} ConfigurableListableBeanFactory beanFactory String beanName,,N/A
loadClass,3,Override < > String name,,N/A
readOptionalStringOrLongProperty,2,", , ) { }",,N/A
checkGroupMatch,11,{ // 1:1 match // resolve FunctionAttribute to backing functions // scalar functions can be a binary tree // first test the function against the grouping,,N/A
format,4,String key String value if,,N/A
toXContent,2,) throws IOException { },,N/A
equals,10,obj if if CreateIndexRequest ;,,N/A
claimArg,5,} args if if try,,N/A
joinConfig,4,matchFields ) return ; List,,N/A
isLegacyAncestorOf,3,ConfigurationPropertyName candidate if ConfigurationPropertyName ;,,N/A
createTestInstance,2,@ Override return ; createRandomStandardRetrieverBuilder,,N/A
forEachBucket,2,@ Override consumer for (,,N/A
assertBusy,5,", , ) throws Exception",,N/A
parse,6,value if if return ;,,N/A
shouldBeMerged,3,; sourceType = ( ),,N/A
replay,2,{ } Log source Log,,N/A
testSupportsParallelCollection,2,} { } { },,N/A
createInternalEngine,2,indexWriterFactory localCheckpointTrackerSupplier seqNoForOperation EngineConfig config,,N/A
assertRequestBreakerEmpty,3,; ( SUITE_ABORTED ) {,,N/A
findParentMapper,6,} String leafFieldPath var ;,,N/A
extractValidators,3,} @ SuppressWarnings < >,,N/A
prepareSubAggs,10,throws IOException { // Run post collection after collecting the sub-aggs },,N/A
mutateInstance,14,Configuration in ZoneId ; Locale,,N/A
testOpenAiEmbeddings,5,// `gte_v` indicates that the cluster version is Greater Than or Equal to MODELS_RENAMED_TO_ENDPOINTS } @ SuppressWarnings var,,N/A
buildAggregationsForVariableBuckets,8,", , , ) throws",,N/A
generateData,3,} < String > timestamp,,N/A
logWarnings,4,) { } ( ),,N/A
getBindValidationExceptionDetails,3,if return null ; validationException,,N/A
checkFullTextFunctionsParents,4,failures ; Set forEachFullTextFunctionParent <,,N/A
getAsCalendarInterval,2,} if throw ; (,,N/A
findServletContextHandler,6,Handler handler if if if,,N/A
toChunkedResult,6,{ } SemanticTextField field switch,,N/A
send,6,} @ Override RequestManager requestCreator,,N/A
set,2,{ } @ Override index,,N/A
getExposureOutcome,4,", ) { } @",,N/A
testAuthenticationFailedRestNoToken,3,// test disabled } ; if InetSocketAddress,,N/A
debug,2,format Object ... if params,,N/A
rethrowAndSuppress,3,; for ( T ex,,N/A
testCompleteForSizeAndNumDocuments,5,boolean complete MultiValuesSourceFieldConfig ; MultiValuesSourceFieldConfig,,N/A
analyzeTermVectors,7,IndexDiskUsageStats stats TermVectorsReader ; if,,N/A
getChangedHealthTrackers,2,// Don't try to run the health trackers if the HealthMetadata is not available. } < > var,,N/A
equals,3,} @ Override Object o,,N/A
toXContentChunked,3,var ; if else ?,,N/A
destroy,2,{ } != null ;,,N/A
getCreateTrainedModelAssignmentActionListener,2,model listener return ; CreateTrainedModelAssignmentAction,,N/A
getJspServlet,2,throws Exception { } @,,N/A
getLifecyclePolicies,2,ilmHistoryEnabled ) { } {,,N/A
combine,2,int ( ) { },,N/A
withExistingValue,3,; return ; Assert .,,N/A
taskScheduler,2,@ Bean taskSchedulerBuilder threadPoolTaskSchedulerBuilderProvider ThreadPoolTaskSchedulerBuilder,,N/A
toQueryBuilder,4,"// much clearer. Otherwise, the error message is deeply nested under parsing exceptions. } if if if",,N/A
indexDocs,2,; CountDownLatch ; for (,,N/A
postProcessBeforeInitialization,2,Override Object bean String beanName,,N/A
refreshIfNeeded,3,", ) { } String",,N/A
blockAllThreads,2,CyclicBarrier ; CountDownLatch ; for,,N/A
addIntermediateInput,4,page assert ; assert ;,,N/A
nodeSettings,2,nodeOrdinal Settings otherSettings ; if,,N/A
executePhase,3,) ; e { },,N/A
createListCombinations,3,} key values pos maxPos,,N/A
mutateInstance,4,@ Override WaitForActiveShardsStep instance StepKey,,N/A
resolveRequest,3,clusterState ; ; if else,,N/A
parseRequestConfig,3,taskType config parsedModelListener try Map,,N/A
resolve,3,IOException { } < ConfigTreeConfigDataResource,,N/A
checkFeatureAvailable,2,) { } { },,N/A
closeZipFileSystem,2,{ } catch ( ),,N/A
readListUnsafe,3,) throws IOException { },,N/A
eval,8,rightValueBlock try int ( ),,N/A
extractNumericMinAndMax,9,< > IndexReader reader SortField,,N/A
setRefreshPending,3,. Location lastWriteLocation = pendingRefreshLocation,,N/A
testUnsupportedMethodResponseHttpHeader,2,"// A basic RestHandler handles requests to the endpoint // Register valid test handlers with test RestController // Generate a test request with an invalid HTTP method // Send the request and verify the response status code /*
         * Verify the response allow header contains the valid methods for the
         * test endpoint
         */",,N/A
executeWithContext,2,DirContext ctx Object ; if,,N/A
openFallbackTomcatConnection,3,{ } URL url String,,N/A
mask,8,; return ; int positionCount,,N/A
getDefaultCacheConfiguration,2,if return ; . configuration,,N/A
testResolveDateMathExpression,2,{ // make the user authorized } String ;,,N/A
moveMetaInfToRoot,5,-> ( file ) {,,N/A
configure,3,WebAppContext context if if (,,N/A
makeFieldConfig,9,field boolean ; boolean ;,,N/A
compress,4,"// NOTE: We are allocating/deallocating native buffers on each call. We could save allocations by reusing these buffers, though // this would come at the expense of higher permanent memory usage. Benchmarks suggested that there is some performance to save // there, but it wouldn't be a game changer either. // Also note that calls to #compress implicitly allocate memory under the hood for e.g. hash tables and chain tables that help // identify duplicate strings. So if we wanted to avoid allocating memory on every compress call, we should also look into",,N/A
of,2,", ) { } Source",,N/A
dehexchar,7,else char ( ) {,,N/A
testSyncConcurrently,12,Exception { } Path ;,,N/A
testParseOrQuery,5,for ( ; ) for,,N/A
toSimplePropertySource,2,Override < > Properties ;,,N/A
getLeafCollector,2,"LeafBucketCollectorBase ( sub , values",,N/A
processAheadOfTime,3,if return null ; environment,,N/A
getNames,3,} [ ] annotationAttributes ;,,N/A
copyFrom,3,Directory from String src String,,N/A
eval,2,DoubleVector lhsVector DoubleVector rhsVector try,,N/A
setLatestTimestamp,5,Instant newLatestTimestamp ; if else,,N/A
generateValue,2,{ // with keyword analyzer token count is always 1 } if var,,N/A
eval,3,LongVector lhsVector LongVector rhsVector try,,N/A
getBlockLoaderFor,2,fieldName boolean isUnsupported fieldExtractPreference MultiTypeEsField,,N/A
testCtorFailure,2,for ( ; ) Map,,N/A
combineRawInput,8,; String ; TypeName ;,,N/A
testSetMinCompetitiveScoreIsEnabledTopDocsOnly,5,{ // without aggs no need to disable set min competitive score } Weight ;,,N/A
resolveIndexAbstractions,15,indices IndicesOptions indicesOptions ProjectMetadata projectMetadata,,N/A
get,4,@ SuppressWarnings T String id,,N/A
randomKeyElement,8,switch ( type ) {,,N/A
canEarlyTerminate,6,; for ( LeafReaderContext ctx,,N/A
executeWithCacheBindMountsExecutesPhases,2,} @ ParameterizedTest @ BooleanValueSource,,N/A
assertHashState,6,{ // Check the keys // Check the nonEmpty() result // Check seenGroupIds() },,N/A
isMatch,3,{ } String url patterns,,N/A
addRawBlock,4,( ; ) scratch =,,N/A
poll,7,{ } while return null,,N/A
toInstance,2,R factory ; T ;,,N/A
toXContentFragmentOfExposedFields,4,{ } @ Override XContentBuilder,,N/A
handleElectionInvokeMessage,3,{ } @ Override if,,N/A
neo4jDriver,2,{ } @ Bean @,,N/A
getTransportInterceptors,2,) { } @ Override,,N/A
doMasterOperation,12,} @ Override Task task,,N/A
doRewrite,5,@ Override QueryRewriteContext queryRewriteContext if,,N/A
toBytesReference,2,value XContentBuilder ; ; for,,N/A
getObject,5,@ SuppressWarnings if ; for,,N/A
testDeleteMetaState,4,( ; ) Format ;,,N/A
trimLocationPattern,3,prefix : LOCATION_PATTERN_PREFIXES ) return,,N/A
toStandardNotationString,2,if StringBuilder ; ; ;,,N/A
newFileSystemWatcher,3,{ } Restart ; FileSystemWatcher,,N/A
testTrivialTypeConversionWrittenAway,6,{ } [ ] {,,N/A
gcdEncode,6,throws IOException { } token,,N/A
getRunningServices,3,< RunningService > ; if,,N/A
findAccessLogValve,3,( Valve engineValve : ),,N/A
getMessage,5,{ } BindException cause Throwable,,N/A
ensureNoNameCollisions,12,; ; var ; for,,N/A
nodeAtPath,2,{ } catch ( ),,N/A
pick,2,@ Override SortedBinaryDocValues values ;,,N/A
testDisableTopScoreCollection,3,Exception { } IndexWriterConfig ;,,N/A
addTargetThrottling,2,else long ( ) {,,N/A
onResponse,3,if else ( ) {,,N/A
readVLong,2,Override if else ( ),,N/A
assertMaxSeqNoOfUpdatesIsAdvanced,6,// even though it is an update (overwrites index-1). We should relax this assertion if there is a pending gap in the seq_no. } BytesRef id seqNo,,N/A
testErrorResponsesAreCountedInMetrics,2,// Correct metrics are recorded } String ; String,,N/A
add,2,other ; if else reserve,,N/A
advanceExact,2,{ } @ Override doc,,N/A
getHazelcastInstance,2,; ( ) { },,N/A
testFailsIfRegisterIncorrect,2,. Request request = blobStore,,N/A
addClassifiedManagedDependencies,6,dependencyManagement Node ; if (,,N/A
parse,2,; try Assert . hasText,,N/A
eval,2,DoubleVector valVector try int (,,N/A
testProjectLookupWithMultipleProjects,3,} ; ; ; for,,N/A
score,2,; ( ) { },,N/A
configureContext,7,{ } C context boolean,,N/A
exactlyOneAlgorithm,2,; List algorithms = int,,N/A
testSecurityMustBeEnableToConnectRemoteClusterWithCredentials,6,if try ; try ;,,N/A
printExceptions,4,{ } Terminal terminal Throwable,,N/A
containsKey,2,&& key instanceof String httpHeaders,,N/A
interceptHandler,2,) { } @ Override,,N/A
getAdditionalProperties,4,", Object > existing HibernateSettings",,N/A
addRawInput,5,"{ // Some positions masked away, others kept } @ Override",,N/A
collect,2,IOException { } @ Override,,N/A
testAllIsNotAllowedInShardLevelRequests,3,; if else IllegalArgumentException ;,,N/A
onFailure,2,{ } listener . onFailure,,N/A
addRawVector,3,vector BooleanVector mask for (,,N/A
setting,2,Rebalance rebalance boolean usedIndexSetting StringBuilder,,N/A
testPushShadowingGeneratingPlanPastRenamingProjectWithResolution,2,; LogicalPlan ; for (,,N/A
sendItemRequest,2,; if try ActionListener final,,N/A
doWithRetry,3,T action Exception ; for,,N/A
create,2,{ } @ PostMapping Message,,N/A
checkDimensionMatches,2,int ( ) { },,N/A
testCase,3,", , , ) {",,N/A
assertNoAccessAllowed,2,( String index : indices,,N/A
retrieveCountryGeoData,12,) { } < String,,N/A
findByName,2,Override < Customer > String,,N/A
testHelloWorldCompressed,2,MockTransportService serviceC = ; Settings,,N/A
eval,4,; try LongBlock valuesBlocks =,,N/A
testAnalyzerWildcardWithSynonyms,2,; ; SimpleQueryStringQueryParser ; for,,N/A
equals,10,return ; ( ) {,,N/A
addDatafeedTaskIdAccordingToState,6,", , , , )",,N/A
closeMocks,2,Exception { } TestContext testContext,,N/A
assertBufferTrashed,3,while iter = br (,,N/A
testWithCustomFeatureProcessors,3,; ; ; ; ;,,N/A
doPerformPhaseOnShard,2,SearchShardIterator shardIt SearchShardTarget shard Releasable,,N/A
getMigrationDataSource,5,liquibaseDataSource DataSource dataSource LiquibaseConnectionDetails connectionDetails,,N/A
destroy,2,) { } shouldShutdown ;,,N/A
getWatcherThreadPoolSize,2,int ( isDataNode ) {,,N/A
encode,8,throws IOException { } in,,N/A
killCreature,2,{ } Creature source Creature,,N/A
testSortedBinaryRangeLeafCollectorMultiValued,2,{ } ; for (,,N/A
nullable,3,c : ) return ;,,N/A
add,2,) { } . add,,N/A
setUpIndices,2,try try ( ) {,,N/A
processNodeShutdowns,5,"{ // If we remove a shutdown marker from a node, but it is still in the cluster, we'd need a reset. // Clean up processed shutdowns that are removed from the cluster metadata } ClusterState",,N/A
doCreateTestQueryBuilder,3,@ Override ; ; QueryBuilder,,N/A
equals,3,} @ Override Object obj,,N/A
insertVersion,2,@ Override Object version URI,,N/A
mutateInstance,7,; Integer ; switch return,,N/A
hash,12,boolean collectKeys BlockHash blockHash callback,,N/A
toXContent,2,@ Override XContentBuilder builder Params,,N/A
setUpThreadPool,2,( ) { } {,,N/A
clearIsApplyingClusterState,2,( ) { } (,,N/A
asLayers,2,} if return ; (,,N/A
seekCeil,6,if ; ; ; ;,,N/A
wrapValues,11,< > SequenceCriterion criterion hits,,N/A
dataNodes,2,RestClient client Request ; ;,,N/A
latestIndexBlobId,3,"// highest N value - this will be the latest index blob for the repository. Note, we do this // instead of directly reading the index.latest blob to get the current index-N blob because // index.latest is not written atomically and is not immutable - on every index-N change, // we first delete the old index.latest and then write the new one. If the repository is not // read-only, it is possible that we try deleting the index.latest blob while it is being read",,N/A
validateSigningCredentials,2,boolean signRequest if ( signRequest,,N/A
check,2,< String > Library library,,N/A
useLastModified,3,withPropertyValues ( ) this .,,N/A
repackagedJarContainsTheLayersIndexByDefault,2,@ TestTemplate MavenBuild mavenBuild ;,,N/A
testCanCreateAClientWithSecondaryLocation,2,else Settings ; ; AzureStorageSettings,,N/A
getNewPropertyName,2,return ; ( ) {,,N/A
assertAuthenticateWithApiKey,2,shouldSucceed ; Request ; ;,,N/A
testDeleteIndexWhileSearch,6,; for ( ; ),,N/A
eval,6,try int ( ) {,,N/A
prepareRequest,6,} RestRequest request ; ;,,N/A
equals,7,return ; ( ) return,,N/A
eval,2,Page page try ( ),,N/A
registerGauge,2,{ } String name String,,N/A
hikariPoolDataSourceMetadataProvider,2,@ Bean return ; ->,,N/A
toString,3,{ } @ Override StringBuilder,,N/A
createCacheManager,2,IOException { } CacheProperties cacheProperties,,N/A
resolveWriteIndexRouting,6,if IndexAbstraction ; if Index,,N/A
testLimitsFileCount,6,} NodeEnvironment nodeEnvironment = PersistedClusterStateService,,N/A
toString,2,; ( ) { },,N/A
isAssignable,2,Class { } catch (,,N/A
testSingleRetryOnIgnore,3,// now fail it N-1 times // now we go and check that we are actually stick to unassigned on the next failure // manual resetting of retry count // again fail it N-1 times // now we go and check that we are actually stick to unassigned on the next failure,,N/A
setupDefaultEnvironment,4,; ; ; ; if,,N/A
decodeLength,3,; if ; ; ;,,N/A
reduced,2,return reduced ; BiFunction (,,N/A
hasChanged,2,@ Override Settings current Settings,,N/A
quartzTrigger,2,> String groupName String triggerName,,N/A
createFollowGroup,3,} ReplicationGroup leaderGroup replicas Settings,,N/A
size,2,( ) { } sortingDigest,,N/A
whenValueSanitizedLaterSanitizingFunctionsShouldBeSkipped,3,String ; ; ; ;,,N/A
parseInternal,5,{ } nesting String json,,N/A
isOperator,2,if return isOperator ; (,,N/A
resolveVersions,6,) { } < String,,N/A
isPackage,2,packaging == Packaging . RPM,,N/A
assertFieldExtractionWithDocValues,2,{ } FieldExtractExec extract DataType,,N/A
testIterable,2,; String ; ; String,,N/A
eval,8,) { } positionCount LongBlock,,N/A
postProcessConverters,2,converters ) ; converters =,,N/A
testRandomParentChild,9,; ; ; ; ;,,N/A
indexSettingsMatchRepositoryMetadata,3,false ; ( ) {,,N/A
writeTo,2,Override StreamOutput out ; if,,N/A
build,2,", ) { } IndexMetadata",,N/A
testParseFieldsForAsync,2,Locale ; QueryBuilder ; ;,,N/A
checkConsistencyForRealmAuthenticationType,3,( ) { } !=,,N/A
skipToListStart,4,} XContentParser parser Token ;,,N/A
apply,5,Project project ExtraPropertiesExtension ; if,,N/A
getRegexpQuerySingle,5,ParseException { } String field,,N/A
createConnectionManager,3,readTimeout boolean ssl PoolingHttpClientConnectionManagerBuilder ;,,N/A
copy,7,// only copy x-pack tests if explicitly instructed // copy any additional config } @ TaskAction,,N/A
createFailure,2,{ } catch ( ),,N/A
createId,5,( e : ) return,,N/A
doToQuery,5,Override SearchExecutionContext context if MappedFieldType,,N/A
eval,2,{ } positionCount DoubleVector valVector,,N/A
newByteArray,2,@ Override size boolean clearOnResize,,N/A
checkDestIndexIsEmptyIfExists,3,) { } ParentTaskAssigningClient parentTaskClient,,N/A
getMetadata,3,Compiled compiled InputStream ; try,,N/A
getRoleDescriptorsIntersectionForRemoteCluster,3,remoteClusterAlias TransportVersion remoteClusterVersion Subject subject,,N/A
validateAlias,7,", ) { // Validate write indices // Validate hidden status",,N/A
isFullMatch,3,conditionAndOutcomes : this ) return,,N/A
afterSingletonsInstantiated,2,if ; ; properties =,,N/A
getJavaDoc,3,; recordJavadoc = ( ),,N/A
supportedTypesNames,3,; if if ; ;,,N/A
isMoveFromRedToNonRed,4,currentState return ; && &&,,N/A
resolveResource,4,: ) return null ;,,N/A
createCollectorManager,2,"( , , , ,",,N/A
storeTrainedModelAndDefinition,7,; try BulkRequestBuilder ; ;,,N/A
isMultiRelease,4,} @ Override if return,,N/A
warnings,2,} if return warnings ;,,N/A
doXContent,2,} @ Override XContentBuilder builder,,N/A
testParseCron,2,ZoneId ; XContentBuilder ; if,,N/A
applyInput,2,> String qualifiedKey boolean showUnsanitized,,N/A
closeContext,2,!= null ; this .,,N/A
mutateInstance,7,String ; String ; boolean,,N/A
deleteDatabasesInConfigDirectory,6,. forEach assertBusy . distinct,,N/A
maybeRecordHttpRequestTime,3,Request final List requestTimesIncludingRetries =,,N/A
get,2,} @ Override ; if,,N/A
test040JavaUsesTheOsProvidedKeystore,5,String ; if else final,,N/A
resolvePropertyFromPath,7,path buckets String name String,,N/A
create,5,( ) { } TarArchiveInputStream,,N/A
updateWindowSettings,3,} SpanSettings update ; if,,N/A
add,2,; if ; Consumer existing,,N/A
testExistsWithFallback,3,) ; ; if else,,N/A
checkRequestBlock,2,return null ; ( ),,N/A
clientYamlTestClient,2,{ } { } CCS_APIS,,N/A
createFailure,2,{ } catch ( ),,N/A
doRewrite,3,{ } @ Override QueryRewriteContext,,N/A
getFailableTranslog,5,{ } FailSwitch fail TranslogConfig,,N/A
testUpdateApiIsBlocked,2,; ; ; BulkResponse ;,,N/A
readResponse,7,; int type = switch,,N/A
collectIndices,3,", ) { } indices",,N/A
convert,2,{ } Duration source ChronoUnit,,N/A
wrapWithElasticsearchException,2,inferenceEntityId var ; if return,,N/A
listSearchableSnapshots,4,state ; for ( IndexMetadata,,N/A
getFileResolver,2,) { } File destination,,N/A
testHighlighterWithWordBoundaryScanner,2,Exception { } ; ;,,N/A
competitiveIterator,2,null ; ( usesCompetitiveIterator ),,N/A
generateRandomFloatArray,2,{ } float [ ],,N/A
disconnectFromRemoteClusters,3,; for ( String clusterAlias,,N/A
assertEquivalent,4,) { } String query,,N/A
readFrom,14,throws IOException { } StreamInput,,N/A
renderDefaultErrorView,3,> responseBody error StringBuilder ;,,N/A
buildMappingsForNetworkSettings,4,"ContainerPort , Integer > NetworkSettings",,N/A
getChatCompletionTaskSettingsMap,5,"} < String , Object",,N/A
writeLoaderClasses,3,if else layout = (,,N/A
runTest,2,String testId LauncherDiscoveryRequest ; Launcher,,N/A
addRandomDocuments,2,", ) throws IOException {",,N/A
testSeeds,2,; ; ; for (,,N/A
testSkipIfUnlicensed,3,"} { // set to true explicitly (the default is false) // since skip_if_unlicensed is true, we can use the redact processor regardless of the license state }",,N/A
messageReceived,5,Task task ; ; ;,,N/A
pick,2,; for ( ; ),,N/A
getPrefix,3,; if if return result,,N/A
build,8,} @ Override MapperBuilderContext context,,N/A
getKeyName,3,return ; result = ;,,N/A
warnings,2,warnings ; ( ) {,,N/A
isRunningOnOpenJ9,5,false ; vmName = (,,N/A
withContentOrSourceParamParserOrNull,2,CheckedConsumer ( ) { },,N/A
assertListenerIsOnlyCalledOnce,2,( ) { } T,,N/A
resolveIndicesAndAliasesWithoutWildcards,13,action IndicesRequest indicesRequest assert :,,N/A
getWebServerFactoryBeanName,3,= ( ) { },,N/A
testSerializeDynamicTemplates,2,{ // Empty dynamic templates // new version } IndexRequest,,N/A
buildDataSummarySearchRequestBuilder,2,( ) { } .,,N/A
hasImplicitServerNamespace,3,&& && == null .,,N/A
rule,8,// break down each aggregate into AggregateFunction and/or grouping key // preserve the projection at the end // root/naked aggs // evals (original expression relying on multiple aggs) // track the aggregate aggs (including grouping which is not an AggregateFunction),,N/A
testJobInResettingState,2,{ } boolean hasResetTask String,,N/A
delayedDecision,2,Logger logger nodeDecisions boolean ;,,N/A
computeScores,9,scoreListener ; ; ; ;,,N/A
addRawBlock,4,) scratch = ; p,,N/A
dateTimes,2,{ } cases String name,,N/A
testMultipleSnapshotAndRollback,7,; String ; ; for,,N/A
resolveType,5,{ } @ Override var,,N/A
validateValue,3,", , , ) {",,N/A
getLibrarySelector,3,{ } < Library >,,N/A
maybeFailEngine,8,) { // Check for AlreadyClosedException -- ACE is a very special // exception that should only be thrown in a tragic event. we pass on the checks to failOnTragicEvent which will // throw and AssertionError if the tragic event condition is not met.,,N/A
modifyDataStream,3,Request final ActionListener ( ),,N/A
readStepKeys,5,> NamedXContentRegistry xContentRegistry Client client,,N/A
onStartup,4,} @ Override classes ServletContext,,N/A
getNextStepKey,2,{ } ? nextStepKeyOnTrue :,,N/A
rewrite,10,} @ Override IndexSearcher indexSearcher,,N/A
testValidateForFipsNoErrorsOrLogs,2,= assertThatLogger . build (,,N/A
scriptLocations,2,String > locations String fallback,,N/A
fillInRows,8,} String clusterName String indexName,,N/A
getDescription,3,for ( actualTypeInterface : ),,N/A
createIndicesWithRandomAliases,9,throws IOException { } String,,N/A
validate,2,schema = { } catch,,N/A
maybeConvertToBytesRef,4,) { } if else,,N/A
determinePassword,3,) { } ( ),,N/A
isUnpackRequired,5,if return false ; (,,N/A
addBundleUpdateHandler,2,if ( ) { },,N/A
isLocalFileReference,2,} catch ( ) return,,N/A
assertThatTaskMayHaveBeenExecuted,3,lastExecution = ( ) {,,N/A
test,2,; ; if return ;,,N/A
isGetSourceContext,3,") "" getSourceApplicationContext "" (",,N/A
removeBackingIndex,3,if ; ; assert ;,,N/A
ancestorOfCheck,4,; for ( ConfigurationPropertyName candidate,,N/A
addIntermediateInput,3,; assert ; Block ;,,N/A
afterPropertiesSet,2,Exception { } @ Override,,N/A
cleanRemoteUrl,3,{ } @ Nullable String,,N/A
docsStats,3,// we don't wait for a pending refreshes here since it's a stats call instead we mark it as accessed only which will cause // the next scheduled refresh to go through and refresh the stats as well } IndexReader indexReader,,N/A
createWebServer,5,else ; webServer = servletContext,,N/A
collectResult,2,if Result int . put,,N/A
areMetricsDisabled,2,( ) { } !,,N/A
writeOptionalFloat,2,else ( ) { },,N/A
urlPath,4,) { } String vendor,,N/A
testSyntheticSourceInvalid,2,boolean ; ; for (,,N/A
resize,2,( ) { } {,,N/A
assertSingleProjectResponse,3,", ) { } ClusterStateRequest",,N/A
doWith,2,method Method ; ; ;,,N/A
doExecute,9,Override Task task GetRolesRequest request,,N/A
matches,2,item if var ; return,,N/A
get,3,propertyResolver String ; String ;,,N/A
testRecoverLocallyUpToGlobalCheckpoint,8,"{ // avoid refresh when we are failing a shard // Peer recovery fails if the primary does not see the recovering replica in the replication group (when the cluster state // update on the primary is delayed). To verify the local recovery stats, we have to manually remember this value in the // first try because the local recovery happens once and its stats is reset when the recovery fails.",,N/A
get,4,String candidate : CANDIDATES ),,N/A
surrogate,2,if return null ; s,,N/A
createDelegatingTypeExcludeFilter,3,{ } boolean match public,,N/A
scriptParam,3,{ } < Script >,,N/A
accept,3,} @ Override globalOrd bucketOrd,,N/A
buildRankFeatureShardResult,2,@ Override SearchHits hits shardId,,N/A
afterSingletonsInstantiated,2,; if ; ; properties,,N/A
typedParsing,2,"( , , ) {",,N/A
parseAndStoreModel,4,) { } InferenceService service,,N/A
assertAuthenticateWithToken,2,boolean shouldSucceed ; Request ;,,N/A
create,3,{ } TDigestArrays arrays compression,,N/A
equals,4,@ Override Object obj if,,N/A
getPort,2,} @ Override ; if,,N/A
extracted,4,) { } ConditionContext context,,N/A
innerOpenEngineAndTranslog,3,"// but we need to make sure we don't loose deletes until we are done recovering // time elapses after the engine is created above (pulling the config settings) until we set the engine reference, during // which settings changes could possibly have happened, so here we forcefully push any config changes to the new engine. } LongSupplier",,N/A
assertBlockTypeAndValues,2,block values ; var ;,,N/A
matches,4,; Map expectedEntries = actualEntries,,N/A
testRunnerWithEmptySegmentsResponse,2,String ; DocWriteResponse ; ;,,N/A
indices,2,Override String ... ; for,,N/A
testObjects,2,{ } ; ; ;,,N/A
addIntermediateRowInput,2,Override groupId GroupingAggregatorFunction input position,,N/A
onConnectionOpened,2,. Connection closeConnectionChannel { },,N/A
isReservedChar,6,char ( c ) {,,N/A
assertCreateFieldType,2,IOException { // position the parser on the value } String,,N/A
testFailsOnNotFoundAfterWrite,2,} ; ; ; ;,,N/A
buildResponse,4,Override GetRoleMappingsResponse response XContentBuilder builder,,N/A
resize,3,ByteArrayWrapper ; ; ; ;,,N/A
unwrapFromJmsPoolConnectionFactory,3,null ; { } catch,,N/A
configureSsl,4,Ssl ; if String ;,,N/A
testUnassignedSkipsEquivalentReplicas,3,var ; var ; var,,N/A
parseMojos,2,Node plugin ; for (,,N/A
createLatestVersionedIndexIfRequired,6,", , , ) {",,N/A
update,2,{ } MessageDigest digest Object,,N/A
testFailEngineOnRandomIO,6,MockDirectoryWrapper ; Path ; try,,N/A
mutateInstance,4,StepKey ; switch return ;,,N/A
completedEventHandler,2,; int . status (,,N/A
startBlocksUntilReadyToServe,2,ConfigurableServletWebServerFactory ; ; ; ;,,N/A
shouldSkip,5,classLoader properties if return false,,N/A
secondSanitizingFunction,3,) -> ( data ),,N/A
supersedes,3,; && && > !=,,N/A
getBeans,2,"( , ) { }",,N/A
isResourcesJar,3,) throws IOException { },,N/A
createRandomWithSpan,2,Integer ; return ; Tokenization,,N/A
load,4,String ; try if Package,,N/A
onSendRequest,6,String action TransportRequest request TransportRequestOptions,,N/A
stripCommonEnds,3,) return string ; {,,N/A
getTotalTimeInNanos,3,for ( TimingInfo timingInfo :,,N/A
sendLocalRequest,6,action TransportRequest request TransportRequestOptions options,,N/A
acquireEnsureOpenRef,3,return ; ( ) {,,N/A
updateRemoteCluster,3,settings CountDownLatch ; ; try,,N/A
validateSettingKey,6,{ } setting if Setting,,N/A
verifySecurityAutoConfigured,4,Exception { } Installation es,,N/A
aliases,3,( ) { // move to the first alias },,N/A
startDaemonAwaitThread,2,CloseableChannel channel if Thread ;,,N/A
loadDefaultProperties,4,"String , Object > Properties",,N/A
doChunkedInfer,4,) { } @ Override,,N/A
wrapIfNecessary,2,expression ; ( ) {,,N/A
addComponentScanningPackages,3,metadata AnnotationAttributes ; if Set,,N/A
getForcedInitialShardAllocationToNodes,3,) { } < >,,N/A
toDelimitedString,2,( entry : ) return,,N/A
validateGlobalRetentionConfiguration,4,", ) { } TimeValue",,N/A
conversionToVersion,2,( ) { } isString,,N/A
createComponents,3,if else tokenizer = (,,N/A
randomFieldString,3,; for ( ; ),,N/A
testMultipleDeprecationWarnings,2,Properties ; ; try assumeWarningHandlingDriverVersion,,N/A
eval,2,rhsVector try int ( ),,N/A
collectZeroDocEntries,4,} SortedSetDocValues values owningBucketOrd TermsEnum,,N/A
maxSimInvHamming,4,} @ Override query ;,,N/A
checkPom,2,try if ( ) {,,N/A
customizeRequestLog,2,} instanceof RequestLogWriter requestLogWriter ;,,N/A
close,4,if else ( ) {,,N/A
isParameterizedContainer,3,return false ; Class Class,,N/A
getResult,5,", , ) { }",,N/A
setListener,3,( ) { } (,,N/A
createMetadata,2,) return ; IndexMetadata .,,N/A
getMatchOutcome,2,if return ; ( ),,N/A
executeFetchPhase,3,) { } InternalScrollSearchRequest request,,N/A
getProtocol,2,String ; if return ;,,N/A
onFailure,4,} @ Override Exception e,,N/A
submitTask,6,String source T task TimeValue,,N/A
triggerJobsInStateWithoutMatchingTask,5,) { } String maintenanceTaskName,,N/A
equals,5,o if if CellBoundary ;,,N/A
retrieveResourceLoader,2,if ; return ; field,,N/A
followIndexIgnoringBadRequests,3,Exception { } RestClient client,,N/A
createWorkers,2,{ } numberOfWorkers TaskSet taskSet,,N/A
assertMinValue,2,@ Override Block block boolean,,N/A
equals,6,; return ; ( ),,N/A
buildAggregations,5,] owningBucketOrds assert ; if,,N/A
endpointIsReferencedInPipelinesOrIndexes,3,String inferenceEndpointId var ; var,,N/A
indexNDocuments,3,afterIndexing if BulkRequest ; for,,N/A
shards,4,", ) { } @",,N/A
addUrl,4,) { } urls URL,,N/A
verifyThenSubmitUpdate,9,", ) { } ClusterRerouteRequest",,N/A
testFlatObject,2,{ // GIVEN // WHEN // THEN },,N/A
assertOnce,3,< Response > delegate if,,N/A
equals,4,if WaitForRolloverReadyStep ; return ;,,N/A
resolveAccess,3,; String ; Access ;,,N/A
isShortenedIntelliJJar,4,boolean ; if return false,,N/A
closePointInTime,2,) { } Client client,,N/A
getSsl,7,clientAuth String keyPassword String keyAlias,,N/A
writeBinarizedVectors,3,clusterCenter OptimizedScalarQuantizer scalarQuantizer ; ;,,N/A
testSearchShardsThreadContextHeader,2,; try List knownNodes =,,N/A
run,10,", ; String ; for",,N/A
supportsParameter,2,; return ; Class type,,N/A
verifyRetry,3,} numberOfRetries AtomicInteger retries CountDownLatch,,N/A
replaceValue,3,{ } content String key,,N/A
find,3,File root : ) return,,N/A
matchesContainerClass,2,!= null . isAssignableFrom ?,,N/A
testClusterHealth,2,RoutingTableGenerator ; ; ; ProjectId,,N/A
twoPhaseIterator,2,{ } return ; return,,N/A
createManager,5,; ; ; ; ;,,N/A
lookupAsync,3,parentTask outListener ThreadContext ; ;,,N/A
runQuery,2,; rollup = assertFalse assertBusy,,N/A
playSound,3,for ( ; ) ;,,N/A
applyToSystemProperties,2,Callable ( ) { },,N/A
testSanitizeHeaders,2,. of { // we don't sanitize transients // we don't sanitize responses,,N/A
toXContent,4,) throws IOException { },,N/A
ensureEnabled,3,} ( ) { },,N/A
toXContent,2,) throws IOException { },,N/A
validateIsolatedRetentionValue,3,retention String settingName if (,,N/A
bucketToXContent,3,} XContentBuilder builder Params params,,N/A
testGetStepMultithreaded,4,LifecyclePolicy ; String ; Phase,,N/A
equals,3,} @ Override Object obj,,N/A
testLongRunningTaskWithCallback,2,", ) ofMillis -> (",,N/A
addPackages,2,) { } < String,,N/A
wrapClient,3,} Client client headers ClusterState,,N/A
areAnyParametersAvailable,4,doSample != null temperature !=,,N/A
analyze,2,) { } @ Override,,N/A
hashPrefix,3,{ } = this .,,N/A
from,6,DockerConfigurationMetadata ; if if if,,N/A
authorizeSystemUser,2,{ } Authentication authentication String,,N/A
eval,5,{ } result = position,,N/A
testLimitConcurrentShards,4,finally < SearchService > .,,N/A
getPrintHandler,3,; writer = ( ),,N/A
handleStatePersistenceFailure,3,} Exception e SettingsConfig settingsConfig,,N/A
parseArray,3,", ) throws IOException {",,N/A
addBigOrClause,7,( entry : ) if,,N/A
isAccessible,4,method String path ; ;,,N/A
testMultiValueAllSet,2,{ // the segments are force merged to a single segment so that the sorted binary doc values can be asserted within a single segment. // Previously we used the SlowCompositeReaderWrapper but this is an unideal solution so force merging is a better idea. } ;,,N/A
getInstance,3,; if return result ;,,N/A
closeContext,2,; this . context .,,N/A
doRewrite,5,if return ; ( ),,N/A
factory,3,{ } shardContexts String name,,N/A
formatTo,5,} resolver Appendable appendable ;,,N/A
getIndicesGroupedByTier,4,; ; for ( String,,N/A
testByteFieldWithIntSubfieldTooBig,2,} ; ; ; int,,N/A
runWithPrimaryShardReference,7,} PrimaryShardReference primaryShardReference try final,,N/A
taskInfo,2,; ; if return ;,,N/A
testTotalTests,3,} TranslogStats ; ; ;,,N/A
isUsingSources,2,} @ Contract attached MutablePropertySources,,N/A
applyFilters,2,{ } MeterRegistry meterRegistry if,,N/A
testConcurrentIndexOperationsWithDeletesCanAdvanceMaxSeqNoOfUpdates,5,IndexMetadata ; IndexSettings ; try,,N/A
extractLabels,2,"String , String > ;",,N/A
createConfiguration,4,; ; if TransportConfiguration ;,,N/A
applyRouteProviders,2,HttpServerRoutes routes for ( NettyRouteProvider,,N/A
onFailure,7,if else ( ) {,,N/A
convert,2,} @ Override @ Nullable,,N/A
readFileContents,2,byte [ ] String jwkSetConfigKeyPkc,,N/A
writeTo,4,StreamOutput out ; var ;,,N/A
cleanLuceneIndex,3,( ) { } (,,N/A
isGlobal,2,== null == null this,,N/A
collectTelemetry,3,) { } < String,,N/A
validateSimilarity,6,{ } SearchExecutionContext context fields,,N/A
setApplicationContext,2,if ( ) { },,N/A
getCompressionPredicates,3,[ ] Compression compression ;,,N/A
assertWhileRunning,3,Platforms . PlatformAction { },,N/A
abort,3,= ( ) { },,N/A
testVisitGeoPointsNoWrapping,2,; ) visitor = double,,N/A
assertPathHasBeenCleared,7,; ; if ; ;,,N/A
handleException,6,responseStatusAnnotation boolean includeStackTrace Throwable ;,,N/A
testAddIndexOperationListener,2,IndexModule ; AtomicBoolean ; IndexingOperationListener,,N/A
createTestInstance,2,else ( ) { },,N/A
equals,4,@ Override Object o if,,N/A
resolveAll,3,if ; for ( BuildpackReference,,N/A
parameters,2,; for ( DataType strType,,N/A
register,2,String description ServletContext servletContext try,,N/A
disableBindOnInit,3,"service , connectors ) {",,N/A
testHandleDocumentFailure,2,( ) { } Store,,N/A
convertErrors,2,errors ; for ( ObjectError,,N/A
validateApiKeyTypeAndExpiration,5,clock listener if if else,,N/A
size,2,. size personMap == null,,N/A
debug,2,Override String message Throwable throwable,,N/A
execute,4,var ; for ( var,,N/A
build,13,BlockFactory blockFactory emitBatchSize boolean allowBrokenOptimizations,,N/A
handle,3,} @ Override request if,,N/A
updateLocalCheckpoint,6,} String allocationId localCheckpoint assert,,N/A
buildEmptySubAggregations,3,; for ( Aggregator aggregator,,N/A
assertIndexIsBlocked,2,( String index : indices,,N/A
equals,5,Object obj if if ShrinkStep,,N/A
wipeEnrichPolicies,3,After for ( String cluster,,N/A
composedOf,2,> if return componentTemplates ;,,N/A
of,2,context if return ; (,,N/A
def,6,", , ) { }",,N/A
scorerSupplier,6,} LeafReaderContext context SortedNumericDocValues sortedNumerics,,N/A
get,6,Nullable ListableBeanFactory beanFactory String beanName,,N/A
getExpectedIndices,2,request indexNames if else Set,,N/A
assertActualResultsMatchReader,7,throws IOException { } actual,,N/A
randomLineStringCoords,2,; for ( ; ),,N/A
getService,3,serviceJndiName var ; if return,,N/A
bind,2,) { } T DataObjectPropertyBinder,,N/A
parseWeightedTokens,3,) { } < WeightedToken,,N/A
containsOnlyDigits,3,; ; i < i,,N/A
innerPrepareRequest,6,client String ; ; GetPrivilegesRequestBuilder,,N/A
resetTelemetry,2,) . getInstances { },,N/A
requestNextRun,4,} && var ; if,,N/A
sendResponse,2,if else ( ) {,,N/A
restAdminSettings,2,else ( ) { },,N/A
checkEnabledValueMatchesExisting,2,{ } ItemMetadata existing boolean,,N/A
configure,6,mergedConfig SpringApplication application ; ;,,N/A
advanceExact,4,throws IOException { } @,,N/A
determineImports,4,@ Nullable < Object >,,N/A
testValidationSuccessWithCorrectRemoteIndexPrivilegeClusters,2,} PutRoleRequest ; ; if,,N/A
collectResponseMap,2,responseMap for ( entry :,,N/A
configureDriverSettings,2,boolean withEncryptionAndTrustSettings if ; ;,,N/A
assertTermsSeeking,11,rightTerms TermsEnum ; TermsEnum ;,,N/A
write,2,@ Override OutputStream outputStream ;,,N/A
customizeHandler,2,T ConfigurableTomcatWebServerFactory factory value type,,N/A
renderErrorView,3,} < ServerResponse > String,,N/A
equals,4,Override Object o if if,,N/A
setAggBuilder,4,: ) for ( PipelineAggregationBuilder,,N/A
maybeTimeout,3,RestoreSession ; if restoreSession =,,N/A
run,2,ReaderThread ; ReaderThread ; ;,,N/A
afterTestMethod,3,@ Override TestContext testContext WebDriverScope,,N/A
testFollowTsdbIndex,6,{ } ; String ;,,N/A
eval,3,{ } positionCount BytesRefVector strVector,,N/A
testGetForcedInitialShardAllocationToNodes,2,; ; Metadata ; var,,N/A
getInferenceIdForForField,5,for ( IndexMetadata indexMetadata :,,N/A
testFindAliases,2,; { } { },,N/A
canAllocateToNode,6,IndexMetadata indexMetadata DiscoveryNode discoveryNode if,,N/A
equals,5,) { } @ Override,,N/A
buildTestCluster,6,boolean ; ; ; ;,,N/A
destroy,3,} catch ( ) catch,,N/A
generateInvalidQueryInferenceResultsMessage,3,baseMessageBuilder if else return ;,,N/A
getOptions,4,; List options = (,,N/A
equals,3,Override Object obj if if,,N/A
get,2,"Nullable ValueObject ( , ,",,N/A
parsePolicyName,4,"{ } < Mode ,",,N/A
downloadFile,2,urlString ; var ; var,,N/A
stringifyIfNecessary,5,value if if return ;,,N/A
bakeNewCake,6,cakeInfo var ; var ;,,N/A
onCache,3,) { } @ Override,,N/A
stats,4,IndexMode mode : ) for,,N/A
writeThrough,2,UserAccount userAccount if else ;,,N/A
parseOrderParam,10,) throws IOException { },,N/A
addRawBlock,5,( ; ) ; p,,N/A
finish,2,( ) { } this,,N/A
equals,4,if if Options ; return,,N/A
checkSystemIndexAccess,9,state aliasesMap SystemIndexAccessLevel systemIndexAccessLevel ThreadContext,,N/A
invoke,4,JmxOperation operation params try Object,,N/A
resolveType,2,( ) { } isNumeric,,N/A
decode,6,: ; ; ; if,,N/A
configureBwcProject,4,", ) { // we want basic lifecycle tasks like `clean` here. // Setup gradle user home directory",,N/A
isLookupDataset,2,} TestsDataset dataset Settings ;,,N/A
collectFieldCaps,5,", > FieldCapabilitiesResponse fieldCapsResponse ;",,N/A
append,2,if Elements ; return ;,,N/A
getSSLSettingsMap,2,settings ; ; ; ;,,N/A
optimizedPlan,2,{ } LogicalPlan logicalPlan if,,N/A
assertConsistentProjectState,5,) { } GlobalRoutingTable routingTable,,N/A
calculateEnrichFields,5,Source source String policyName mapping,,N/A
collectFromSource,3,categorizer Source ; ; while,,N/A
implies,3,@ Override ProtectionDomain domain Permission,,N/A
checkIllegalPackagedModelSetting,2,setting ActionRequestValidationException validationException if return,,N/A
isClassPathResourceByPath,2,) { } String location,,N/A
append,3,) { } StringBuilder message,,N/A
mutateInstance,3,; if else return ;,,N/A
updateModelWithEmbeddingDetails,4,} AzureOpenAiEmbeddingsModel model embeddingSize if,,N/A
distributionProjectPath,3,) { } ElasticsearchDistribution distribution,,N/A
addRawInput,5,Page page BooleanVector mask if,,N/A
testPrimaryTermFromFollower,9,IndexShard ; ; ; ;,,N/A
collect,5,IOException { } @ Override,,N/A
removeShard,2,{ } @ Override shardId,,N/A
testMatchedWithWrapperQuery,2,throws Exception { } ;,,N/A
objectNamingStrategy,2,{ } @ Bean @,,N/A
toString,2,try { } catch (,,N/A
resolveAndValidateAliases,10,// Keep a separate set to facilitate searches when processing aliases from the template } < AliasMetadata >,,N/A
findOptimalAllocations,3,long ( ) { },,N/A
testLookupStats,2,// Right is the lookup table // Left is the rest of the query // TODO: fixme // Join's output looks sensible too },,N/A
resolve,2,String expression Object parameter try,,N/A
createRounding,3,{ } Object interval ZoneId,,N/A
blockingAllowed,2,|| . contains super .,,N/A
overridePositionIncrementGap,3,; int ( ) {,,N/A
newNode,2,; ; ; if else,,N/A
valueFetcher,3,format if return ; (,,N/A
refreshCachedPhases,2,// this performs a walk through the managed indices and safely updates the cached phase (ie. for the phases we did not // remove the allocate action) } mb ClusterState,,N/A
loadFullState,6,{ } @ UpdateForV9 <,,N/A
customizeScm,3,; if ( ) {,,N/A
createClusterForShardLimitTest,3,} nodesInCluster openIndexShards openIndexReplicas closedIndexShards,,N/A
equals,7,Object o if if AggregatedDanglingIndexInfo,,N/A
addRandomStoredFields,3,Document doc numFields ; for,,N/A
mapTrustStrategy,2,) { } securityProperties String,,N/A
doDataSourceHealthCheck,2,; if else Health .,,N/A
mergeConfigurations,2,configurations if return ; List,,N/A
cleanUp,2,} != null ; this,,N/A
randomMask,2,= for ( ; ),,N/A
matchNoDocs,4,context Aggregator parent if else,,N/A
masterOperation,2,) { } @ Override,,N/A
toXContent,10,", ) throws IOException {",,N/A
getMaxScore,4,if ; for ( ;,,N/A
extractInnerHits,3,QueryBuilder query innerHitBuilders if else,,N/A
validateBinaryComparison,10,if ; ; ; ;,,N/A
writeTo,3,; if if out .,,N/A
resolveSettings,2,} ProjectMetadata projectMetadata String templateName,,N/A
login,2,var ; try return ;,,N/A
testScaleFromZero,2,; ; ; ; ;,,N/A
loadServiceCapabilities,2,; HttpEntity ; ContentType ;,,N/A
getHandlerMap,2,> HandlerMapping mapping if return,,N/A
testRealtimeGetApi,5,// test documents user2 cannot see // test visible documents are still visible after updates } ; boolean,,N/A
getOrCreateProbeGroup,2,name String path String members,,N/A
handleResponse,3,response ; if if logger,,N/A
explodedWarHasOnlyWebInfClassesAndContentsOfWebInfLibOnClasspath,2,{ } @ Test File,,N/A
stopThreadPool,2,if ( ) { },,N/A
getProduces,5,if if if return ;,,N/A
acquire,2,} Lockable lockable if return,,N/A
onResponse,2,@ Override nodeLookup synchronized if,,N/A
extractRawValues,6,", ) { } @",,N/A
addBeanToModule,3,} @ SuppressWarnings E T,,N/A
start,4,failureHandler do while ; {,,N/A
readTextFile,2,{ } URL resource try,,N/A
testPlaceOrderShortDuration,3,Exception { } @ Test,,N/A
testAllocateToNodeWithLargestCache,3,; DeterministicTaskQueue ; Metadata ;,,N/A
addNamedQuery,2,query if ( ) {,,N/A
resolveLookupFields,8,if for ( ; ),,N/A
hasUnsupportedPrivilegesInsideAPIKeyConnectedRemoteCluster,8,) || hasWorkflowsRestriction && ||,,N/A
removeExclusions,4,; if Set Thread .,,N/A
buildExpandIdsQuery,2,BoolQueryBuilder ; for ( String,,N/A
safeAwait,2,countDownLatch try { } catch,,N/A
matchesTargetType,3,= || . target ||,,N/A
loadContext,2,; if ; Class environment,,N/A
addCustomTopicMapping,2,) { } DefaultTopicResolver topicResolver,,N/A
collect,2,} @ Override doc bucket,,N/A
makeChunkedResults,3,) return results ; List,,N/A
buildSemanticTextFieldWithInferenceResults,5,} InferenceResultType inferenceResultType denseVectorElementType ;,,N/A
liquibaseBeans,2,ReadOperation ApplicationContext ; ; while,,N/A
read,3,) throws IOException { },,N/A
getRequestPath,2,url = ( ) {,,N/A
wildcardQuery,2,", ) { } @",,N/A
buildTsidHash,6,; ; ; ; for,,N/A
doHandleRequest,2,) { } T reg,,N/A
buyProduct,3,Product product ; try try,,N/A
anyExists,5,String ; if if return,,N/A
onResponse,3,; ) == ; i,,N/A
ensureHealth,4,restClient String index requestConsumer Request,,N/A
resolveArgument,2,Nullable OperationParameter parameter InvocationContext context,,N/A
map,2,} @ Override < String,,N/A
definesAllocationRules,3,false == false == false,,N/A
testIllegalFormatField,2,String ; String ; for,,N/A
getConfigurationValue,3,propertyName Plugin ; if return,,N/A
infoPrint,2,( ) { } @,,N/A
testMappingsAreUpdated,2,} if else ( ),,N/A
testRealmTokenThrowingException,4,} boolean ; ; if,,N/A
transportVersion,2,TransportVersion version if ; return,,N/A
randomFetchTestFieldConfig,2,XContentBuilder b ; if .,,N/A
testIssue2991,3,for ( ; ) ;,,N/A
handleRequest,2,else Map ( ) {,,N/A
checkForScaleDown,3,largestJob NativeMemoryCapacity currentCapacity ; if,,N/A
wipeTestData,2,After try { } catch,,N/A
newBucketedSort,2,@ Override BigArrays bigArrays SortOrder,,N/A
run,3,) { } closeLatch .,,N/A
shouldPeriodicallyFlush,3,final engine = ( ),,N/A
determinePassword,3,; ( ) { },,N/A
collectAnnotations,6,HashSet ( ) { },,N/A
getClassPathArchivesIterator,2,} @ Override < Archive,,N/A
equals,4,Override Object obj if if,,N/A
createTask,4,; ; Configuration ; if,,N/A
getTimeSeriesTimestampRange,2,DateFieldMapper . DateFieldType bounds =,,N/A
upstreamIsRunning,2,} return ; && ==,,N/A
isRecovery,2,|| this == PEER_RECOVERY this,,N/A
addRawBlock,5,for ( ; ) ;,,N/A
collect,5,; ; if ; if,,N/A
onApplicationEvent,2,event Server ; if server,,N/A
addAnotherPre8500DataNode,2,{ } ClusterService clusterService Version,,N/A
executeHealth,4,task ClusterHealthRequest request ClusterState currentState,,N/A
dateCases,3,", ) { } suppliers",,N/A
warnings,2,{ } if return warnings,,N/A
testByteIterator,7,; for ( ; ),,N/A
getForecastedWriteLoad,3,if if return ; (,,N/A
onFoundPeersUpdated,5,Override synchronized ; ( mutex,,N/A
get,2,{ } catch ( ),,N/A
partition,6,} : nums left right,,N/A
findConflictingV1Templates,3,) { } < String,,N/A
configureJdkLoggingBridgeHandler,3,try { } catch (,,N/A
equals,5,obj if if if InternalAdjacencyMatrix,,N/A
parseAllItems,3,root ; if JSONArray ;,,N/A
grow,2,; return ; long (,,N/A
createCompositeAgg,4,{ } fieldCollectors ; for,,N/A
collectTerms,7,MultiTermQuery query ; IndexReaderContext ;,,N/A
getRelation,3,IOException { } SearchExecutionContext searchExecutionContext,,N/A
requiresUnpack,2,; library = && .,,N/A
process,6,String ; if else final,,N/A
fromIndex,7,{ } index return ;,,N/A
tryIncRef,2,== null refCounted . tryIncRef,,N/A
loadDefaultProperties,4,> Properties ; try ;,,N/A
isSet,2,) { } ConfigurableEnvironment environment,,N/A
equals,4,if FieldOrigin ; return ;,,N/A
apply,3,"String , > headers if",,N/A
toEvaluator,4,ToEvaluator toEvaluator return ; switch,,N/A
testDeduplicateDocValuesFields,3,SearchService ; IndicesService ; IndexService,,N/A
isElementDeprecated,2,"hasAnnotation hasAnnotation ( element ,",,N/A
builderCustomizers,2,; InOrder ; for (,,N/A
next,4,throws IOException { } ;,,N/A
runEsqlAsync,7,"< String , Object >",,N/A
handleRequest,2,else Map ( ) {,,N/A
getValue,2,; environment = ( ),,N/A
maybeAttachEntitlementAgent,5,String > boolean useEntitlements if,,N/A
main,2,) { } args ;,,N/A
randomTransformConfigWithoutHeaders,2,; LatestConfig ; if else,,N/A
determineSqlDialect,2,if return ; ( ),,N/A
writeTo,2,throws IOException { } @,,N/A
getPrefix,3,; ; if if return,,N/A
isExistingFile,3,&& archiveFile . exists archiveFile,,N/A
indexDocs,2,) throws Exception { // Ensure that the safe commit == latest commit,,N/A
execute,5,{ } @ Override Saga,,N/A
testSlopeUp,2,AtomicInteger ; ; ; normal,,N/A
encodeFiveSixOrSevenBytesPerValue,2,} in bitsPerValue DataOutput out,,N/A
submit,4,task if else Consumer (,,N/A
getRestHandlerInterceptor,3,if else List items =,,N/A
process,3,{ } SearchResponse searchResponse ;,,N/A
starting,2,} @ Override ConfigurableBootstrapContext bootstrapContext,,N/A
addRawInput,4,FloatVector values for ( ;,,N/A
createContributor,2,{ } beans ; if,,N/A
health,2,{ } < HealthDescriptor >,,N/A
createClientBootstrap,7,sharedGroupForBootstrap Bootstrap ; ; assert,,N/A
sanitizeJobDataMap,2,"} < String , Object",,N/A
serverNotRunning,2,IllegalStateException ex NestedCheckedException ; if,,N/A
filesInZip64ArchivesAreAllListed,2,= FileCopyUtils . copy (,,N/A
onSuccess,2,name target BindContext context Object,,N/A
getValue,2,T String name if return,,N/A
addIntermediateInput,8,Override positionOffset IntVector groups Page,,N/A
createExactKnnFloatQuery,7,return ; elementType . checkDimensions,,N/A
warnings,2,) { } warnings ==,,N/A
addAsFromCloseToOpen,2,this ; ( ) {,,N/A
postProcessBeforeInitialization,2,bean String beanName if return,,N/A
testSyntheticSource,6,Exception { } ; String,,N/A
getDouble,2,return result ; int object,,N/A
equals,5,; ( ) { },,N/A
setupReservedPasswords,2,} ; ; RequestOptions ;,,N/A
getHandler,2,@ Override ServerHttpRequest request if,,N/A
shouldUseFileResolution,4,( ) { } ||,,N/A
equals,3,obj if if RegisteredPolicySnapshots ;,,N/A
doWriteTo,2,IOException { } @ Override,,N/A
configureCookieProcessor,4,Context context SameSite ; ;,,N/A
fromResponse,3,return ; ( ) (,,N/A
getVersionComponent,5,String version boolean isSnapshot Pattern,,N/A
testCountAndCountDistinct,2,boolean ; ; if else,,N/A
collectAndGetFilterDebugInfo,2,IOException { } < String,,N/A
exists,4,} URL url URLConnection ;,,N/A
getCompressionPredicates,3,) { } [ ],,N/A
isForError,2,", ) { } ConfigurationPropertyName",,N/A
getBean,2,Object > String name if,,N/A
register,3,type instanceSupplier boolean replaceExisting ;,,N/A
masterOperation,2,ClusterState state listener ; if,,N/A
matchesSafely,13,; boolean ; boolean ;,,N/A
